{
  "minecraft:recipes/transportation/acacia_boat": {
    "criteria": {
      "entered_water": "2024-08-18 20:30:04 +0000"
    },
    "done": true
  },
  "minecraft:recipes/transportation/dark_oak_boat": {
    "criteria": {
      "entered_water": "2024-08-18 20:30:04 +0000"
    },
    "done": true
  },
  "minecraft:adventure/root": {
    "criteria": {
      "killed_something": "2024-08-18 20:33:23 +0000"
    },
    "done": true
  },
  "minecraft:recipes/transportation/birch_boat": {
    "criteria": {
      "entered_water": "2024-08-18 20:30:03 +0000"
    },
    "done": true
  },
  "minecraft:recipes/transportation/boat": {
    "criteria": {
      "entered_water": "2024-08-18 20:30:04 +0000"
    },
    "done": true
  },
  "minecraft:recipes/misc/yellow_dye_from_dandelion": {
    "criteria": {
      "has_yellow_flower": "2024-08-18 20:31:14 +0000"
    },
    "done": true
  },
  "minecraft:recipes/transportation/jungle_boat": {
    "criteria": {
      "entered_water": "2024-08-18 20:30:04 +0000"
    },
    "done": true
  },
  "minecraft:recipes/transportation/spruce_boat": {
    "criteria": {
      "entered_water": "2024-08-18 20:30:04 +0000"
    },
    "done": true
  },
  "minecraft:adventure/adventuring_time": {
    "criteria": {
      "beaches": "2024-08-18 20:30:04 +0000",
      "forest_hills": "2024-08-18 20:31:20 +0000",
      "plains": "2024-08-18 20:30:33 +0000",
      "extreme_hills": "2024-08-18 20:31:10 +0000",
      "river": "2024-08-18 20:30:18 +0000"
    },
    "done": false
  }
}